35774-000 a 35776-999;35774000;35776999 
37460-000 a 37463-999;37460000;37463999 
35537-000 a 35539-999;35537000;35539999 
37330-000 a 37339-999;37330000;37339999 
35810-000 a 35814-999;35810000;35814999 
37900-001 a 37904-999;37900001;37904999 
37900-001 a 37904-999;37900001;37904999 
39378-000 a 39379-999;39378000;39379999 
38700-001 a 38719-999;38700001;38719999 
38700-001 a 38709-999;38700001;38709999 
38740-001 a 38749-999;38740001;38749999 
38740-001 a 38748-999;38740001;38748999 
36860-000 a 36869-999;36860000;36869999 
36544-000 a 36545-999;36544000;36545999 
39765-000 a 39769-999;39765000;39769999 
39814-000 a 39814-999;39814000;39814999 
39700-000 a 39702-999;39700000;39702999 
39970-000 a 39979-999;39970000;39979999 
35364-000 a 35364-999;35364000;35364999 
36585-000 a 36589-999;36585000;36589999 
35565-000 a 35566-999;35565000;35566999 
36847-000 a 36849-999;36847000;36849999 
37520-000 a 37523-999;37520000;37523999 
39492-000 a 39494-999;39492000;39494999 
38178-000 a 38179-999;38178000;38179999 
33600-000 a 33799-999;33600000;33799999 
36148-000 a 36149-999;36148000;36149999 
36610-000 a 36619-999;36610000;36619999 
35667-000 a 35667-999;35667000;35667999 
35545-000 a 35546-999;35545000;35546999 
38170-000 a 38174-999;38170000;38174999 
37260-000 a 37261-999;37260000;37261999 
35118-000 a 35119-999;35118000;35119999 
35114-000 a 35114-999;35114000;35114999 
36157-000 a 36159-999;36157000;36159999 
35325-000 a 35325-999;35325000;35325999 
35382-000 a 35382-999;35382000;35382999 
36227-000 a 36229-999;36227000;36229999 
35476-000 a 35477-999;35476000;35477999 
35585-000 a 35587-999;35585000;35587999 
35348-000 a 35349-999;35348000;35349999 
39317-000 a 39317-999;39317000;39317999 
35536-000 a 35536-999;35536000;35536999 
38210-000 a 38219-999;38210000;38219999 
36480-000 a 36499-999;36480000;36499999 
37511-000 a 37511-999;37511000;37511999 
37508-000 a 37509-999;37508000;37509999 
36730-000 a 36739-999;36730000;36739999 
39270-000 a 39279-999;39270000;39279999 
36170-000 a 36179-999;36170000;36179999 
35650-000 a 35654-999;35650000;35654999 
37925-000 a 37925-999;37925000;37925999 
38220-000 a 38229-999;38220000;38229999 
37757-000 a 37759-999;37757000;37759999 
37700-001 a 37719-999;37700001;37719999 
37700-001 a 37719-999;37700001;37719999 
36960-000 a 36969-999;36960000;36969999 
35640-000 a 35649-999;35640000;35649999 
35430-001 a 35435-999;35430001;35435999 
35430-001 a 35434-999;35430001;35434999 
39328-000 a 39329-999;39328000;39329999 
39615-000 a 39619-999;39615000;39619999 
39520-000 a 39524-999;39520000;39524999 
36568-000 a 36569-999;36568000;36569999 
39827-000 a 39829-999;39827000;39829999 
37550-001 a 37562-999;37550001;37562999 
37550-001 a 37561-999;37550001;37561999 
37468-000 a 37469-999;37468000;37469999 
36320-000 a 36324-999;36320000;36324999 
38140-000 a 38149-999;38140000;38149999 
37970-000 a 37972-999;37970000;37972999 
38960-000 a 38969-999;38960000;38969999 
36475-000 a 36479-999;36475000;36479999 
39245-000 a 39247-999;39245000;39247999 
39135-000 a 39139-999;39135000;39139999 
38750-000 a 38754-999;38750000;38754999 
35738-000 a 35739-999;35738000;35739999 
35625-000 a 35627-999;35625000;35627999 
36424-000 a 36425-999;36424000;36425999 
34400-000 a 34499-999;34400000;34499999 
35350-000 a 35358-999;35350000;35358999 
36740-000 a 36749-999;36740000;36749999 
36920-000 a 36922-999;36920000;36922999 
36340-000 a 36344-999;36340000;36344999 
35230-000 a 35239-999;35230000;35239999 
36270-000 a 36271-999;36270000;36271999 
38640-000 a 38648-999;38640000;38648999 
39529-000 a 39529-999;39529000;39529999 
33800-001 a 33979-999;33800001;33979999 
33800-001 a 33979-999;33800001;33979999 
37264-000 a 37266-999;37264000;37266999 
34300-000 a 34399-999;34300000;34399999 
35370-000 a 35379-999;35370000;35379999 
39940-000 a 39944-999;39940000;39944999 
35442-000 a 35443-999;35442000;35443999 
36460-000 a 36469-999;36460000;36469999 
35485-000 a 35487-999;35485000;35487999 
36150-000 a 36151-999;36150000;36151999 
38810-000 a 38819-999;38810000;38819999 
39530-000 a 39534-999;39530000;39534999 
35940-000 a 35949-999;35940000;35949999 
36180-000 a 36184-999;36180000;36184999 
36130-000 a 36131-999;36130000;36131999 
39170-000 a 39179-999;39170000;39179999 
36335-000 a 36339-999;36335000;36339999 
36604-000 a 36605-999;36604000;36605999 
36510-000 a 36511-999;36510000;36511999 
38520-000 a 38524-999;38520000;38524999 
36878-000 a 36879-999;36878000;36879999 
39565-000 a 39567-999;39565000;39567999 
39950-000 a 39959-999;39950000;39959999 
34500-001 a 34799-999;34500001;34799999 
34500-001 a 34739-999;34500001;34739999 
39750-000 a 39754-999;39750000;39754999 
38190-000 a 38194-999;38190000;38194999 
39560-000 a 39562-999;39560000;39562999 
39925-000 a 39927-999;39925000;39927999 
35960-000 a 35968-999;35960000;35968999 
35328-000 a 35329-999;35328000;35329999 
36132-000 a 36134-999;36132000;36134999 
36215-000 a 36219-999;36215000;36219999 
36328-000 a 36329-999;36328000;36329999 
39563-000 a 39564-999;39563000;39564999 
35383-000 a 35387-999;35383000;35387999 
39725-000 a 39727-999;39725000;39727999 
39295-000 a 39299-999;39295000;39299999 
39874-000 a 39874-999;39874000;39874999 
38175-000 a 38177-999;38175000;38177999 
33000-001 a 33199-999;33000001;33199999 
33000-001 a 33199-999;33000001;33199999 
36913-000 a 36917-999;36913000;36917999 
35910-000 a 35919-999;35910000;35919999 
39928-000 a 39929-999;39928000;39929999 
39780-000 a 39783-999;39780000;39783999 
37775-000 a 37779-999;37775000;37779999 
36135-000 a 36139-999;36135000;36139999 
35326-000 a 35327-999;35326000;35327999 
36235-000 a 36239-999;36235000;36239999 
35225-000 a 35229-999;35225000;35229999 
37540-000 a 37541-999;37540000;37541999 
38805-000 a 38809-999;38805000;38809999 
38320-000 a 38349-999;38320000;38349999 
37195-000 a 37199-999;37195000;37199999 
36795-000 a 36799-999;36795000;36799999 
35785-000 a 35788-999;35785000;35788999 
36620-000 a 36629-999;36620000;36629999 
36146-000 a 36147-999;36146000;36147999 
37278-000 a 37279-999;37278000;37279999 
36940-000 a 36946-999;36940000;36946999 
35179-000 a 35179-999;35179000;35179999 
35845-000 a 35849-999;35845000;35849999 
36430-000 a 36439-999;36430000;36439999 
37262-000 a 37263-999;37262000;37263999 
36670-000 a 36679-999;36670000;36679999 
35388-000 a 35389-999;35388000;35389999 
39160-000 a 39164-999;39160000;39164999 
39935-000 a 39939-999;39935000;39939999 
35560-000 a 35564-999;35560000;35564999 
39538-000 a 39539-999;39538000;39539999 
35880-000 a 35893-999;35880000;35893999 
39210-000 a 39214-999;39210000;39214999 
36240-000 a 36249-999;36240000;36249999 
37407-000 a 37407-999;37407000;37407999 
35495-000 a 35496-999;35495000;35496999 
35335-000 a 35337-999;35335000;35337999 
35993-000 a 35999-999;35993000;35999999 
35275-000 a 35276-999;35275000;35276999 
39300-000 a 39316-999;39300000;39316999 
35543-000 a 35543-999;35543000;35543999 
38260-000 a 38269-999;38260000;38269999 
36810-000 a 36814-999;36810000;36814999 
36530-000 a 36539-999;36530000;36539999 
39723-000 a 39724-999;39723000;39724999 
35258-000 a 35259-999;35258000;35259999 
38790-000 a 38793-999;38790000;38793999 
35544-000 a 35544-999;35544000;35544999 
35935-000 a 35937-999;35935000;35937999 
39185-000 a 39187-999;39185000;39187999 
37490-000 a 37495-999;37490000;37495999 
38800-000 a 38804-999;38800000;38804999 
37920-000 a 37921-999;37920000;37921999 
39355-000 a 39359-999;39355000;39359999 
37568-000 a 37569-999;37568000;37569999 
39430-000 a 39436-999;39430000;39436999 
39475-000 a 39477-999;39475000;39477999 
36300-001 a 36319-999;36300001;36319999 
36300-001 a 36314-999;36300001;36314999 
36918-000 a 36919-999;36918000;36919999 
35277-000 a 35279-999;35277000;35279999 
35146-000 a 35146-999;35146000;35146999 
39365-000 a 39369-999;39365000;39369999 
39540-000 a 39546-999;39540000;39546999 
39704-000 a 39706-999;39704000;39706999 
36680-000 a 36689-999;36680000;36689999 
32920-000 a 32999-999;32920000;32999999 
37945-000 a 37947-999;37945000;37947999 
33350-000 a 33399-999;33350000;33399999 
39785-000 a 39789-999;39785000;39789999 
35694-000 a 35694-999;35694000;35694999 
37510-000 a 37510-999;37510000;37510999 
39848-000 a 39849-999;39848000;39849999 
35986-000 a 35992-999;35986000;35992999 
39707-000 a 39707-999;39707000;39707999 
36990-000 a 36999-999;36990000;36999999 
37470-000 a 37471-999;37470000;37471999 
36590-000 a 36591-999;36590000;36591999 
37855-000 a 37859-999;37855000;37859999 
39784-000 a 39784-999;39784000;39784999 
35360-000 a 35363-999;35360000;35363999 
39290-000 a 39294-999;39290000;39294999 
37927-000 a 37929-999;37927000;37929999 
37567-000 a 37567-999;37567000;37567999 
36793-000 a 36794-999;36793000;36794999 
35334-000 a 35334-999;35334000;35334999 
39795-000 a 39799-999;39795000;39799999 
35567-000 a 35567-999;35567000;35567999 
37950-000 a 37959-999;37950000;37959999 
35815-000 a 35819-999;35815000;35819999 
37467-000 a 37467-999;37467000;37467999 
37408-000 a 37409-999;37408000;37409999 
36350-000 a 36359-999;36350000;36359999 
37960-000 a 37964-999;37960000;37964999 
37370-000 a 37399-999;37370000;37399999 
37690-000 a 37699-999;37690000;37699999 
39728-000 a 39729-999;39728000;39729999 
32450-000 a 32469-999;32450000;32469999 
35441-000 a 35441-999;35441000;35441999 
37615-000 a 37619-999;37615000;37619999 
36650-000 a 36659-999;36650000;36659999 
36540-000 a 36541-999;36540000;36541999 
37586-000 a 37587-999;37586000;37587999 
39190-000 a 39199-999;39190000;39199999 
36470-000 a 36474-999;36470000;36474999 
39745-000 a 39749-999;39745000;39749999 
36275-000 a 36279-999;36275000;36279999 
35368-000 a 35369-999;35368000;35369999 
37454-000 a 37455-999;37454000;37455999 
39165-000 a 39169-999;39165000;39169999 
35617-000 a 35619-999;35617000;35619999 
38760-000 a 38769-999;38760000;38769999 
39868-000 a 39869-999;39868000;39869999 
37143-000 a 37143-999;37143000;37143999 
39518-000 a 39519-999;39518000;39519999 
37452-000 a 37453-999;37452000;37453999 
39150-000 a 39159-999;39150000;39159999 
35700-001 a 35719-999;35700001;35719999 
35700-001 a 35718-999;35700001;35718999 
39688-000 a 39689-999;39688000;39689999 
36185-000 a 36189-999;36185000;36189999 
37589-000 a 37589-999;37589000;37589999 
36123-000 a 36125-999;36123000;36125999 
36930-000 a 36939-999;36930000;36939999 
35144-000 a 35145-999;35144000;35145999 
37478-000 a 37479-999;37478000;37479999 
36165-000 a 36169-999;36165000;36169999 
39550-000 a 39552-999;39550000;39552999 
36953-000 a 36954-999;36953000;36954999 
38185-000 a 38189-999;38185000;38189999 
38980-000 a 38989-999;38980000;38989999 
33980-000 a 33999-999;33980000;33999999 
35140-000 a 35143-999;35140000;35143999 
36580-000 a 36584-999;36580000;36584999 
39800-001 a 39809-999;39800001;39809999 
39800-001 a 39805-999;39800001;39805999 
35180-001 a 35184-999;35180001;35184999 
35180-001 a 35184-999;35180001;35184999 
36325-000 a 36327-999;36325000;36327999 
38880-000 a 38899-999;38880000;38899999 
36512-000 a 36512-999;36512000;36512999 
37563-000 a 37563-999;37563000;37563999 
37630-000 a 37639-999;37630000;37639999 
36844-000 a 36846-999;36844000;36846999 
37410-001 a 37419-999;37410001;37419999 
37410-001 a 37418-999;37410001;37418999 
39205-000 a 39209-999;39205000;39209999 
37190-000 a 37194-999;37190000;37194999 
35125-000 a 35129-999;35125000;35129999 
38480-000 a 38489-999;38480000;38489999 
39660-000 a 39662-999;39660000;39662999 
37496-000 a 37497-999;37496000;37497999 
36500-000 a 36509-999;36500000;36509999 
36500-001 a 36508-999;36500001;36508999 
39320-000 a 39327-999;39320000;39327999 
35338-000 a 35339-999;35338000;35339999 
38000-001 a 38107-999;38000001;38107999 
38000-001 a 38099-999;38000001;38099999 
38400-001 a 38439-999;38400001;38439999 
38400-001 a 38438-999;38400001;38438999 
39878-000 a 39879-999;39878000;39879999 
38610-000 a 38624-999;38610000;38624999 
38288-000 a 38289-999;38288000;38289999 
38630-000 a 38639-999;38630000;38639999 
35380-000 a 35381-999;35380000;35381999 
38649-000 a 38649-999;38649000;38649999 
35199-000 a 35199-999;35199000;35199999 
37922-000 a 37924-999;37922000;37924999 
39535-000 a 39535-999;39535000;39535999 
37000-001 a 37109-999;37000001;37109999 
37000-001 a 37109-999;37000001;37109999 
38794-000 a 38799-999;38794000;38799999 
39260-000 a 39269-999;39260000;39269999 
39450-000 a 39454-999;39450000;39454999 
38780-000 a 38784-999;38780000;38784999 
39458-000 a 39459-999;39458000;39459999 
39663-000 a 39664-999;39663000;39664999 
38150-000 a 38159-999;38150000;38159999 
35359-000 a 35359-999;35359000;35359999 
33200-000 a 33349-999;33200000;33349999 
36570-001 a 36579-999;36570001;36579999 
36570-001 a 36578-999;36570001;36578999 
36895-000 a 36899-999;36895000;36899999 
39630-000 a 39634-999;39630000;39634999 
37465-000 a 37465-999;37465000;37465999 
39730-000 a 39734-999;39730000;39734999 
39715-000 a 39717-999;39715000;39717999 
36520-000 a 36524-999;36520000;36524999 
36720-000 a 36724-999;36720000;36724999 
37512-000 a 37513-999;37512000;37513999 
79680-000 a 79689-999;79680000;79689999 
79530-000 a 79539-999;79530000;79539999 
79990-000 a 79994-999;79990000;79994999 
79210-000 a 79214-999;79210000;79214999 
79770-000 a 79779-999;79770000;79779999 
79785-000 a 79789-999;79785000;79789999 
79910-000 a 79919-999;79910000;79919999 
79570-000 a 79579-999;79570000;79579999 
79200-000 a 79209-999;79200000;79209999 
79930-000 a 79934-999;79930000;79934999 
79430-000 a 79439-999;79430000;79439999 
79780-000 a 79784-999;79780000;79784999 
79760-000 a 79764-999;79760000;79764999 
79260-000 a 79269-999;79260000;79269999 
79390-000 a 79399-999;79390000;79399999 
79290-000 a 79299-999;79290000;79299999 
79670-000 a 79679-999;79670000;79679999 
79940-000 a 79949-999;79940000;79949999 
79420-000 a 79427-999;79420000;79427999 
79000-001 a 79129-999;79000001;79129999 
79000-001 a 79124-999;79000001;79124999 
79270-000 a 79279-999;79270000;79279999 
79540-000 a 79549-999;79540000;79549999 
79560-000 a 79569-999;79560000;79569999 
79460-000 a 79469-999;79460000;79469999 
79995-000 a 79999-999;79995000;79999999 
79300-001 a 79369-999;79300001;79369999 
79300-001 a 79349-999;79300001;79349999 
79550-000 a 79555-999;79550000;79555999 
79400-000 a 79409-999;79400000;79409999 
79790-000 a 79799-999;79790000;79799999 
79215-000 a 79219-999;79215000;79219999 
79880-000 a 79889-999;79880000;79889999 
79800-001 a 79879-999;79800001;79879999 
79800-001 a 79849-999;79800001;79849999 
79970-000 a 79974-999;79970000;79974999 
79700-000 a 79709-999;79700000;79709999 
79428-000 a 79429-999;79428000;79429999 
79730-000 a 79739-999;79730000;79739999 
79230-000 a 79239-999;79230000;79239999 
79960-000 a 79964-999;79960000;79964999 
79580-000 a 79589-999;79580000;79589999 
79890-000 a 79899-999;79890000;79899999 
79965-000 a 79969-999;79965000;79969999 
79740-000 a 79744-999;79740000;79744999 
79985-000 a 79989-999;79985000;79989999 
79440-000 a 79449-999;79440000;79449999 
79240-000 a 79259-999;79240000;79259999 
79720-000 a 79729-999;79720000;79729999 
79955-000 a 79959-999;79955000;79959999 
79370-000 a 79379-999;79370000;79379999 
79920-000 a 79924-999;79920000;79924999 
79150-000 a 79169-999;79150000;79169999 
79380-000 a 79389-999;79380000;79389999 
79980-000 a 79984-999;79980000;79984999 
79950-000 a 79954-999;79950000;79954999 
79220-000 a 79229-999;79220000;79229999 
79140-000 a 79149-999;79140000;79149999 
79750-000 a 79759-999;79750000;79759999 
79745-000 a 79749-999;79745000;79749999 
79556-000 a 79559-999;79556000;79559999 
79500-000 a 79529-999;79500000;79529999 
79925-000 a 79929-999;79925000;79929999 
79410-000 a 79414-999;79410000;79414999 
79900-001 a 79909-999;79900001;79909999 
79900-001 a 79907-999;79900001;79907999 
79280-000 a 79289-999;79280000;79289999 
79180-000 a 79189-999;79180000;79189999 
79130-000 a 79139-999;79130000;79139999 
79470-000 a 79479-999;79470000;79479999 
79480-000 a 79489-999;79480000;79489999 
79450-000 a 79459-999;79450000;79459999 
79690-000 a 79699-999;79690000;79699999 
79490-000 a 79499-999;79490000;79499999 
79590-000 a 79599-999;79590000;79599999 
79935-000 a 79939-999;79935000;79939999 
79170-000 a 79179-999;79170000;79179999 
79415-000 a 79419-999;79415000;79419999 
79975-000 a 79979-999;79975000;79979999 
79765-000 a 79769-999;79765000;79769999 
79190-000 a 79199-999;79190000;79199999 
79600-001 a 79669-999;79600001;79669999 
79600-001 a 79649-999;79600001;79649999 
79710-000 a 79719-999;79710000;79719999 
78480-000 a 78489-999;78480000;78489999 
78635-000 a 78637-999;78635000;78637999 
78580-000 a 78586-999;78580000;78586999 
78780-000 a 78784-999;78780000;78784999 
78665-000 a 78667-999;78665000;78667999 
78770-000 a 78772-999;78770000;78772999 
78410-000 a 78414-999;78410000;78414999 
78785-000 a 78789-999;78785000;78789999 
78595-000 a 78599-999;78595000;78599999 
78685-000 a 78689-999;78685000;78689999 
78615-000 a 78619-999;78615000;78619999 
78260-000 a 78264-999;78260000;78264999 
78420-000 a 78424-999;78420000;78424999 
78325-000 a 78329-999;78325000;78329999 
78190-000 a 78194-999;78190000;78194999 
78390-000 a 78397-999;78390000;78397999 
78600-000 a 78609-999;78600000;78609999 
78678-000 a 78679-999;78678000;78679999 
78350-000 a 78359-999;78350000;78359999 
78200-000 a 78236-999;78200000;78236999 
78630-000 a 78634-999;78630000;78634999 
78360-000 a 78364-999;78360000;78364999 
78840-000 a 78849-999;78840000;78849999 
78307-000 a 78309-999;78307000;78309999 
78658-000 a 78659-999;78658000;78659999 
78640-000 a 78642-999;78640000;78642999 
78587-000 a 78589-999;78587000;78589999 
78345-000 a 78349-999;78345000;78349999 
78195-000 a 78199-999;78195000;78199999 
78540-000 a 78542-999;78540000;78542999 
78680-000 a 78684-999;78680000;78684999 
78500-000 a 78504-999;78500000;78504999 
78335-000 a 78337-999;78335000;78337999 
78310-000 a 78319-999;78310000;78319999 
78652-000 a 78654-999;78652000;78654999 
78254-000 a 78254-999;78254000;78254999 
78330-000 a 78334-999;78330000;78334999 
78000-001 a 78109-999;78000001;78109999 
78000-001 a 78099-999;78000001;78099999 
78237-000 a 78239-999;78237000;78239999 
78380-000 a 78389-999;78380000;78389999 
78400-000 a 78409-999;78400000;78409999 
78830-000 a 78834-999;78830000;78834999 
78885-000 a 78886-999;78885000;78886999 
78290-000 a 78292-999;78290000;78292999 
78875-000 a 78879-999;78875000;78879999 
78620-000 a 78624-999;78620000;78624999 
78293-000 a 78294-999;78293000;78294999 
78520-000 a 78524-999;78520000;78524999 
78760-000 a 78769-999;78760000;78769999 
78295-000 a 78299-999;78295000;78299999 
78578-000 a 78578-999;78578000;78578999 
78579-000 a 78579-999;78579000;78579999 
78510-000 a 78514-999;78510000;78514999 
78790-000 a 78794-999;78790000;78794999 
78820-000 a 78829-999;78820000;78829999 
78490-000 a 78499-999;78490000;78499999 
78255-000 a 78259-999;78255000;78259999 
78575-000 a 78577-999;78575000;78577999 
78320-000 a 78324-999;78320000;78324999 
78340-000 a 78344-999;78340000;78344999 
78810-000 a 78819-999;78810000;78819999 
78278-000 a 78279-999;78278000;78279999 
78455-000 a 78459-999;78455000;78459999 
78660-000 a 78662-999;78660000;78662999 
78535-000 a 78539-999;78535000;78539999 
78525-000 a 78527-999;78525000;78527999 
78280-000 a 78284-999;78280000;78284999 
78460-000 a 78469-999;78460000;78469999 
78430-000 a 78434-999;78430000;78434999 
78170-000 a 78174-999;78170000;78174999 
78565-000 a 78569-999;78565000;78569999 
78860-000 a 78869-999;78860000;78869999 
78515-000 a 78519-999;78515000;78519999 
78508-000 a 78509-999;78508000;78509999 
78243-000 a 78244-999;78243000;78244999 
78415-000 a 78419-999;78415000;78419999 
78445-000 a 78449-999;78445000;78449999 
78593-000 a 78594-999;78593000;78594999 
78450-000 a 78452-999;78450000;78452999 
78638-000 a 78639-999;78638000;78639999 
78370-000 a 78379-999;78370000;78379999 
78548-000 a 78549-999;78548000;78549999 
78888-000 a 78889-999;78888000;78889999 
78690-000 a 78694-999;78690000;78694999 
78570-000 a 78572-999;78570000;78572999 
78528-000 a 78529-999;78528000;78529999 
78674-000 a 78674-999;78674000;78674999 
78625-000 a 78627-999;78625000;78627999 
78590-000 a 78592-999;78590000;78592999 
78870-000 a 78874-999;78870000;78874999 
78795-000 a 78799-999;78795000;78799999 
78530-000 a 78534-999;78530000;78534999 
78855-000 a 78859-999;78855000;78859999 
78175-000 a 78179-999;78175000;78179999 
78698-000 a 78699-999;78698000;78699999 
78610-000 a 78612-999;78610000;78612999 
78250-000 a 78252-999;78250000;78252999 
78655-000 a 78657-999;78655000;78657999 
78560-000 a 78562-999;78560000;78562999 
78240-000 a 78242-999;78240000;78242999 
78398-000 a 78399-999;78398000;78399999 
78800-000 a 78809-999;78800000;78809999 
78850-000 a 78854-999;78850000;78854999 
78643-000 a 78644-999;78643000;78644999 
78265-000 a 78269-999;78265000;78269999 
78675-000 a 78677-999;78675000;78677999 
78613-000 a 78614-999;78613000;78614999 
78275-000 a 78277-999;78275000;78277999 
78338-000 a 78339-999;78338000;78339999 
78700-001 a 78759-999;78700001;78759999 
78700-001 a 78750-999;78700001;78750999 
78470-000 a 78479-999;78470000;78479999 
78270-000 a 78274-999;78270000;78274999 
78545-000 a 78547-999;78545000;78547999 
78664-000 a 78664-999;78664000;78664999 
78453-000 a 78454-999;78453000;78454999 
78650-000 a 78651-999;78650000;78651999 
78425-000 a 78429-999;78425000;78429999 
78628-000 a 78629-999;78628000;78629999 
78180-000 a 78189-999;78180000;78189999 
78670-000 a 78673-999;78670000;78673999 
78773-000 a 78774-999;78773000;78774999 
78435-000 a 78444-999;78435000;78444999 
78663-000 a 78663-999;78663000;78663999 
78285-000 a 78289-999;78285000;78289999 
78835-000 a 78839-999;78835000;78839999 
78365-000 a 78369-999;78365000;78369999 
78668-000 a 78669-999;78668000;78669999 
78550-001 a 78559-999;78550001;78559999 
78550-001 a 78559-999;78550001;78559999 
78890-000 a 78899-999;78890000;78899999 
78563-000 a 78564-999;78563000;78564999 
78300-000 a 78306-999;78300000;78306999 
78573-000 a 78574-999;78573000;78574999 
78505-000 a 78507-999;78505000;78507999 
78775-000 a 78779-999;78775000;78779999 
78695-000 a 78697-999;78695000;78697999 
78543-000 a 78544-999;78543000;78544999 
78253-000 a 78253-999;78253000;78253999 
78110-001 a 78169-999;78110001;78169999 
78110-001 a 78164-999;78110001;78164999 
78880-000 a 78884-999;78880000;78884999 
78245-000 a 78249-999;78245000;78249999 
78645-000 a 78649-999;78645000;78649999 
68440-000 a 68444-999;68440000;68444999 
68527-000 a 68529-999;68527000;68529999 
68690-000 a 68694-999;68690000;68694999 
68890-000 a 68899-999;68890000;68899999 
68533-000 a 68534-999;68533000;68534999 
68200-000 a 68209-999;68200000;68209999 
68230-000 a 68249-999;68230000;68249999 
68370-001 a 68379-999;68370001;68379999 
68370-001 a 68378-999;68370001;68378999 
68810-000 a 68814-999;68810000;68814999 
67000-001 a 67199-999;67000001;67199999 
67000-001 a 67199-999;67000001;67199999 
68365-000 a 68369-999;68365000;68369999 
68610-000 a 68616-999;68610000;68616999 
68658-000 a 68659-999;68658000;68659999 
68150-000 a 68164-999;68150000;68164999 
68475-000 a 68479-999;68475000;68479999 
68465-000 a 68469-999;68465000;68469999 
68388-000 a 68389-999;68388000;68389999 
68445-000 a 68449-999;68445000;68449999 
66000-001 a 66999-999;66000001;66999999 
66000-001 a 66999-999;66000001;66999999 
68143-000 a 68144-999;68143000;68144999 
68795-000 a 68797-999;68795000;68797999 
68525-000 a 68526-999;68525000;68526999 
68645-000 a 68646-999;68645000;68646999 
68600-000 a 68609-999;68600000;68609999 
68148-000 a 68149-999;68148000;68149999 
68521-000 a 68522-999;68521000;68522999 
68488-000 a 68489-999;68488000;68489999 
68800-000 a 68809-999;68800000;68809999 
68670-000 a 68674-999;68670000;68674999 
68840-000 a 68849-999;68840000;68849999 
68617-000 a 68617-999;68617000;68617999 
68400-000 a 68414-999;68400000;68414999 
68537-000 a 68539-999;68537000;68539999 
68700-001 a 68706-999;68700001;68706999 
68700-001 a 68704-999;68700001;68704999 
68650-000 a 68654-999;68650000;68654999 
68740-001 a 68747-999;68740001;68747999 
68740-001 a 68746-999;68740001;68746999 
68880-000 a 68889-999;68880000;68889999 
68785-000 a 68785-999;68785000;68785999 
68540-000 a 68542-999;68540000;68542999 
68685-000 a 68689-999;68685000;68689999 
68398-000 a 68399-999;68398000;68399999 
68523-000 a 68523-999;68523000;68523999 
68815-000 a 68819-999;68815000;68819999 
68210-000 a 68219-999;68210000;68219999 
68750-000 a 68759-999;68750000;68759999 
68633-000 a 68634-999;68633000;68634999 
68524-000 a 68524-999;68524000;68524999 
68280-000 a 68284-999;68280000;68284999 
68543-000 a 68544-999;68543000;68544999 
68665-000 a 68669-999;68665000;68669999 
68639-000 a 68639-999;68639000;68639999 
68300-000 a 68329-999;68300000;68329999 
68725-000 a 68729-999;68725000;68729999 
68430-000 a 68439-999;68430000;68439999 
68770-000 a 68772-999;68770000;68772999 
68637-000 a 68637-999;68637000;68637999 
68655-000 a 68657-999;68655000;68657999 
68180-001 a 68192-999;68180001;68192999 
68180-001 a 68187-999;68180001;68187999 
68580-000 a 68584-999;68580000;68584999 
68195-000 a 68197-999;68195000;68197999 
68590-000 a 68599-999;68590000;68599999 
68170-000 a 68179-999;68170000;68179999 
68415-000 a 68419-999;68415000;68419999 
68675-000 a 68679-999;68675000;68679999 
68722-000 a 68724-999;68722000;68724999 
68500-001 a 68514-999;68500001;68514999 
68500-001 a 68513-999;68500001;68513999 
68710-000 a 68718-999;68710000;68718999 
68760-000 a 68769-999;68760000;68769999 
67200-000 a 67999-999;67200000;67999999 
68145-000 a 68147-999;68145000;68147999 
68490-000 a 68499-999;68490000;68499999 
68420-000 a 68429-999;68420000;68429999 
68450-000 a 68454-999;68450000;68454999 
68129-000 a 68129-999;68129000;68129999 
68220-000 a 68229-999;68220000;68229999 
68825-000 a 68829-999;68825000;68829999 
68618-000 a 68619-999;68618000;68619999 
68585-000 a 68589-999;68585000;68589999 
68730-000 a 68733-999;68730000;68733999 
68193-000 a 68194-999;68193000;68194999 
68473-000 a 68474-999;68473000;68474999 
68250-000 a 68269-999;68250000;68269999 
68470-000 a 68472-999;68470000;68472999 
68270-000 a 68279-999;68270000;68279999 
68640-000 a 68643-999;68640000;68643999 
68390-000 a 68397-999;68390000;68397999 
68485-000 a 68487-999;68485000;68487999 
68535-000 a 68536-999;68535000;68536999 
68625-001 a 68631-999;68625001;68631999 
68625-001 a 68630-999;68625001;68630999 
68515-000 a 68517-999;68515000;68517999 
68545-000 a 68547-999;68545000;68547999 
68734-000 a 68737-999;68734000;68737999 
68575-000 a 68579-999;68575000;68579999 
68138-000 a 68139-999;68138000;68139999 
68830-000 a 68839-999;68830000;68839999 
68480-000 a 68484-999;68480000;68484999 
68330-000 a 68359-999;68330000;68359999 
68130-000 a 68137-999;68130000;68137999 
68707-000 a 68708-999;68707000;68708999 
68709-000 a 68709-999;68709000;68709999 
68549-001 a 68554-999;68549001;68554999 
68550-001 a 68554-999;68550001;68554999 
68530-000 a 68532-999;68530000;68532999 
68638-000 a 68638-999;68638000;68638999 
68165-000 a 68169-999;68165000;68169999 
68721-000 a 68721-999;68721000;68721999 
68860-000 a 68869-999;68860000;68869999 
68798-000 a 68799-999;68798000;68799999 
68850-000 a 68859-999;68850000;68859999 
68790-000 a 68794-999;68790000;68794999 
68644-000 a 68644-999;68644000;68644999 
68565-000 a 68569-999;68565000;68569999 
68738-000 a 68739-999;68738000;68739999 
68560-000 a 68564-999;68560000;68564999 
68000-001 a 68128-999;68000001;68128999 
68000-001 a 68099-999;68000001;68099999 
68720-000 a 68720-999;68720000;68720999 
68786-000 a 68789-999;68786000;68789999 
68775-000 a 68779-999;68775000;68779999 
68520-000 a 68520-999;68520000;68520999 
68635-000 a 68636-999;68635000;68636999 
68380-000 a 68382-999;68380000;68382999 
68748-000 a 68749-999;68748000;68749999 
68570-000 a 68574-999;68570000;68574999 
68774-000 a 68774-999;68774000;68774999 
68719-000 a 68719-999;68719000;68719999 
68518-000 a 68519-999;68518000;68519999 
68660-000 a 68664-999;68660000;68664999 
68820-000 a 68824-999;68820000;68824999 
68548-000 a 68548-999;68548000;68548999 
68360-000 a 68364-999;68360000;68364999 
68870-000 a 68879-999;68870000;68879999 
68695-000 a 68699-999;68695000;68699999 
68773-000 a 68773-999;68773000;68773999 
68285-000 a 68299-999;68285000;68299999 
68680-000 a 68684-999;68680000;68684999 
68647-000 a 68649-999;68647000;68649999 
68198-000 a 68199-999;68198000;68199999 
68385-000 a 68387-999;68385000;68387999 
68455-001 a 68464-999;68455001;68464999 
68455-001 a 68460-999;68455001;68460999 
68632-000 a 68632-999;68632000;68632999 
68140-000 a 68142-999;68140000;68142999 
68780-000 a 68784-999;68780000;68784999 
68620-000 a 68624-999;68620000;68624999 
68383-000 a 68384-999;68383000;68384999 
68555-001 a 68559-999;68555001;68559999 
68555-001 a 68558-999;68555001;68558999 
58748-000 a 58749-999;58748000;58749999 
58778-000 a 58779-999;58778000;58779999 
58388-000 a 58389-999;58388000;58389999 
58125-000 a 58127-999;58125000;58127999 
58390-000 a 58392-999;58390000;58392999 
58460-000 a 58462-999;58460000;58462999 
58399-000 a 58399-999;58399000;58399999 
58320-000 a 58321-999;58320000;58321999 
58548-000 a 58549-999;58548000;58549999 
58823-000 a 58823-999;58823000;58823999 
58270-000 a 58272-999;58270000;58272999 
58396-000 a 58396-999;58396000;58396999 
58233-000 a 58234-999;58233000;58234999 
58397-000 a 58397-999;58397000;58397999 
58732-000 a 58732-999;58732000;58732999 
58140-000 a 58144-999;58140000;58144999 
58489-000 a 58491-999;58489000;58491999 
58685-000 a 58689-999;58685000;58689999 
58295-000 a 58296-999;58295000;58296999 
58220-000 a 58224-999;58220000;58224999 
58188-000 a 58194-999;58188000;58194999 
58170-000 a 58172-999;58170000;58172999 
58458-000 a 58459-999;58458000;58459999 
58483-000 a 58484-999;58483000;58484999 
58305-001 a 58309-999;58305001;58309999 
58305-001 a 58309-999;58305001;58309999 
58255-000 a 58259-999;58255000;58259999 
58895-000 a 58899-999;58895000;58899999 
58922-000 a 58924-999;58922000;58924999 
58993-000 a 58993-999;58993000;58993999 
58123-000 a 58124-999;58123000;58124999 
58930-000 a 58932-999;58930000;58932999 
58887-000 a 58889-999;58887000;58889999 
58960-000 a 58969-999;58960000;58969999 
58450-000 a 58454-999;58450000;58454999 
58394-000 a 58394-999;58394000;58394999 
58890-000 a 58892-999;58890000;58892999 
58880-000 a 58883-999;58880000;58883999 
58326-000 a 58327-999;58326000;58327999 
58480-000 a 58482-999;58480000;58482999 
58100-001 a 58109-999;58100001;58109999 
58100-001 a 58109-999;58100001;58109999 
58935-000 a 58939-999;58935000;58939999 
58730-000 a 58731-999;58730000;58731999 
58230-000 a 58232-999;58230000;58232999 
58698-000 a 58699-999;58698000;58699999 
58253-000 a 58253-999;58253000;58253999 
58900-000 a 58907-999;58900000;58907999 
58855-000 a 58856-999;58855000;58856999 
58350-000 a 58353-999;58350000;58353999 
58530-000 a 58534-999;58530000;58534999 
58400-001 a 58449-999;58400001;58449999 
58400-001 a 58439-999;58400001;58439999 
58287-000 a 58288-999;58287000;58288999 
58595-000 a 58599-999;58595000;58599999 
58945-000 a 58949-999;58945000;58949999 
58238-000 a 58239-999;58238000;58239999 
58715-000 a 58719-999;58715000;58719999 
58884-000 a 58886-999;58884000;58886999 
58455-000 a 58457-999;58455000;58457999 
58970-000 a 58977-999;58970000;58977999 
58714-000 a 58714-999;58714000;58714999 
58322-000 a 58323-999;58322000;58323999 
58535-000 a 58539-999;58535000;58539999 
58770-000 a 58774-999;58770000;58774999 
58588-000 a 58589-999;58588000;58589999 
58337-000 a 58337-999;58337000;58337999 
58167-000 a 58169-999;58167000;58169999 
58175-000 a 58176-999;58175000;58176999 
58289-000 a 58290-999;58289000;58290999 
58208-000 a 58209-999;58208000;58209999 
58291-000 a 58291-999;58291000;58291999 
58990-000 a 58992-999;58990000;58992999 
58173-000 a 58174-999;58173000;58174999 
58695-000 a 58697-999;58695000;58697999 
58994-000 a 58994-999;58994000;58994999 
58228-000 a 58229-999;58228000;58229999 
58265-000 a 58267-999;58265000;58267999 
58763-000 a 58764-999;58763000;58764999 
58135-000 a 58139-999;58135000;58139999 
58487-000 a 58488-999;58487000;58488999 
58195-000 a 58199-999;58195000;58199999 
58492-000 a 58493-999;58492000;58493999 
58200-000 a 58207-999;58200000;58207999 
58356-000 a 58359-999;58356000;58359999 
58670-000 a 58674-999;58670000;58674999 
58980-000 a 58984-999;58980000;58984999 
58775-000 a 58777-999;58775000;58777999 
58745-000 a 58747-999;58745000;58747999 
58380-000 a 58381-999;58380000;58381999 
58360-000 a 58369-999;58360000;58369999 
58780-000 a 58783-999;58780000;58783999 
58275-000 a 58277-999;58275000;58277999 
58378-000 a 58379-999;58378000;58379999 
58278-000 a 58279-999;58278000;58279999 
58830-000 a 58831-999;58830000;58831999 
58000-001 a 58099-999;58000001;58099999 
58000-001 a 58099-999;58000001;58099999 
58928-000 a 58929-999;58928000;58929999 
58387-000 a 58387-999;58387000;58387999 
58660-000 a 58664-999;58660000;58664999 
58640-000 a 58649-999;58640000;58649999 
58330-000 a 58333-999;58330000;58333999 
58750-000 a 58752-999;58750000;58752999 
58835-000 a 58839-999;58835000;58839999 
58250-000 a 58252-999;58250000;58252999 
58117-000 a 58118-999;58117000;58118999 
58820-000 a 58821-999;58820000;58821999 
58690-000 a 58694-999;58690000;58694999 
58254-000 a 58254-999;58254000;58254999 
58315-000 a 58319-999;58315000;58319999 
58740-000 a 58744-999;58740000;58744999 
58713-000 a 58713-999;58713000;58713999 
58280-000 a 58286-999;58280000;58286999 
58995-000 a 58996-999;58995000;58996999 
58294-000 a 58294-999;58294000;58294999 
58345-000 a 58347-999;58345000;58347999 
58819-000 a 58819-999;58819000;58819999 
58120-000 a 58122-999;58120000;58122999 
58292-000 a 58293-999;58292000;58293999 
58128-000 a 58134-999;58128000;58134999 
58832-000 a 58834-999;58832000;58834999 
58737-000 a 58739-999;58737000;58739999 
58375-000 a 58377-999;58375000;58377999 
58145-000 a 58149-999;58145000;58149999 
58950-000 a 58954-999;58950000;58954999 
58500-000 a 58509-999;58500000;58509999 
58354-000 a 58355-999;58354000;58355999 
58494-000 a 58496-999;58494000;58496999 
58817-000 a 58817-999;58817000;58817999 
58178-000 a 58179-999;58178000;58179999 
58798-000 a 58799-999;58798000;58799999 
58184-000 a 58186-999;58184000;58186999 
58760-000 a 58762-999;58760000;58762999 
58160-000 a 58166-999;58160000;58166999 
58560-000 a 58569-999;58560000;58569999 
58575-000 a 58579-999;58575000;58579999 
58734-000 a 58734-999;58734000;58734999 
58700-001 a 58709-999;58700001;58709999 
58700-001 a 58708-999;58700001;58708999 
58860-000 a 58864-999;58860000;58864999 
58790-000 a 58794-999;58790000;58794999 
58180-000 a 58183-999;58180000;58183999 
58328-000 a 58329-999;58328000;58329999 
58273-000 a 58274-999;58273000;58274999 
58765-000 a 58769-999;58765000;58769999 
58187-000 a 58187-999;58187000;58187999 
58338-000 a 58338-999;58338000;58338999 
58393-000 a 58393-999;58393000;58393999 
58210-000 a 58212-999;58210000;58212999 
58213-000 a 58219-999;58213000;58219999 
58324-000 a 58325-999;58324000;58325999 
58150-000 a 58154-999;58150000;58154999 
58933-000 a 58934-999;58933000;58934999 
58908-000 a 58909-999;58908000;58909999 
58840-000 a 58852-999;58840000;58852999 
58550-000 a 58559-999;58550000;58559999 
58755-000 a 58757-999;58755000;58757999 
58115-000 a 58116-999;58115000;58116999 
58470-000 a 58479-999;58470000;58479999 
58733-000 a 58733-999;58733000;58733999 
58398-000 a 58398-999;58398000;58398999 
58235-000 a 58237-999;58235000;58237999 
58382-000 a 58384-999;58382000;58384999 
58348-000 a 58349-999;58348000;58349999 
58465-000 a 58469-999;58465000;58469999 
58870-000 a 58879-999;58870000;58879999 
58297-000 a 58299-999;58297000;58299999 
58650-000 a 58659-999;58650000;58659999 
58370-000 a 58373-999;58370000;58373999 
58463-000 a 58464-999;58463000;58464999 
58824-000 a 58829-999;58824000;58829999 
58925-000 a 58927-999;58925000;58927999 
58978-000 a 58979-999;58978000;58979999 
58600-000 a 58609-999;58600000;58609999 
58300-001 a 58304-999;58300001;58304999 
58300-001 a 58303-999;58300001;58303999 
58720-000 a 58722-999;58720000;58722999 
58985-000 a 58989-999;58985000;58989999 
58795-000 a 58797-999;58795000;58797999 
58675-000 a 58679-999;58675000;58679999 
58857-000 a 58859-999;58857000;58859999 
58865-000 a 58869-999;58865000;58869999 
58853-000 a 58854-999;58853000;58854999 
58485-000 a 58486-999;58485000;58486999 
58818-000 a 58818-999;58818000;58818999 
58590-000 a 58594-999;58590000;58594999 
58910-000 a 58914-999;58910000;58914999 
58520-000 a 58529-999;58520000;58529999 
58815-000 a 58816-999;58815000;58816999 
58784-000 a 58789-999;58784000;58789999 
58723-000 a 58724-999;58723000;58724999 
58940-000 a 58944-999;58940000;58944999 
58758-000 a 58759-999;58758000;58759999 
58725-000 a 58729-999;58725000;58729999 
58893-000 a 58894-999;58893000;58894999 
58610-000 a 58619-999;58610000;58619999 
58570-000 a 58574-999;58570000;58574999 
58339-000 a 58339-999;58339000;58339999 
58625-000 a 58639-999;58625000;58639999 
58334-000 a 58336-999;58334000;58336999 
58119-000 a 58119-999;58119000;58119999 
58510-000 a 58514-999;58510000;58514999 
58158-000 a 58159-999;58158000;58159999 
58340-000 a 58341-999;58340000;58341999 
58580-000 a 58587-999;58580000;58587999 
58260-000 a 58264-999;58260000;58264999 
58955-000 a 58959-999;58955000;58959999 
58385-000 a 58386-999;58385000;58386999 
58395-000 a 58395-999;58395000;58395999 
58268-000 a 58269-999;58268000;58269999 
58342-000 a 58344-999;58342000;58344999 
58225-000 a 58227-999;58225000;58227999 
58155-000 a 58157-999;58155000;58157999 
58177-000 a 58177-999;58177000;58177999 
58800-001 a 58814-999;58800001;58814999 
58800-001 a 58809-999;58800001;58809999 
58540-000 a 58547-999;58540000;58547999 
58240-000 a 58249-999;58240000;58249999 
58680-000 a 58684-999;58680000;58684999 
58753-000 a 58754-999;58753000;58754999 
58735-000 a 58736-999;58735000;58736999 
58665-000 a 58669-999;58665000;58669999 
58920-000 a 58921-999;58920000;58921999 
58915-000 a 58919-999;58915000;58919999 
58497-000 a 58499-999;58497000;58499999 
58620-000 a 58624-999;58620000;58624999 
58822-000 a 58822-999;58822000;58822999 
58710-000 a 58712-999;58710000;58712999 
58515-000 a 58519-999;58515000;58519999 
53500-001 a 53599-999;53500001;53599999 
53500-001 a 53589-999;53500001;53589999 
56800-000 a 56819-999;56800000;56819999 
56360-000 a 56379-999;56360000;56379999 
55495-000 a 55499-999;55495000;55499999 
55550-000 a 55554-999;55550000;55554999 
55340-000 a 55344-999;55340000;55344999 
55260-000 a 55269-999;55260000;55269999 
55890-000 a 55899-999;55890000;55899999 
55490-000 a 55494-999;55490000;55494999 
55515-000 a 55519-999;55515000;55519999 
55430-000 a 55434-999;55430000;55434999 
53690-000 a 53699-999;53690000;53699999 
56280-000 a 56299-999;56280000;56299999 
56500-001 a 56519-999;56500001;56519999 
56500-001 a 56519-499;56500001;56519499 
55690-000 a 55694-999;55690000;55694999 
55560-000 a 55564-999;55560000;55564999 
55440-000 a 55449-999;55440000;55449999 
56440-000 a 56459-999;56440000;56459999 
55150-001 a 55169-999;55150001;55169999 
55150-001 a 55159-999;55150001;55159999 
56670-000 a 56699-999;56670000;56699999 
55660-000 a 55664-999;55660000;55664999 
56220-000 a 56229-999;56220000;56229999 
55330-000 a 55339-999;55330000;55339999 
55730-000 a 55739-999;55730000;55739999 
55680-000 a 55689-999;55680000;55689999 
55325-000 a 55329-999;55325000;55329999 
56740-000 a 56749-999;56740000;56749999 
55170-000 a 55179-999;55170000;55179999 
55845-000 a 55849-999;55845000;55849999 
56520-000 a 56539-999;56520000;56539999 
54500-001 a 54599-999;54500001;54599999 
54500-001 a 54589-999;54500001;54589999 
56180-000 a 56189-999;56180000;56189999 
55380-000 a 55384-999;55380000;55384999 
55360-000 a 55364-999;55360000;55364999 
55375-000 a 55379-999;55375000;55379999 
56930-000 a 56949-999;56930000;56949999 
54750-001 a 54799-999;54750001;54799999 
54750-001 a 54799-999;54750001;54799999 
55665-000 a 55669-999;55665000;55669999 
55930-000 a 55939-999;55930000;55939999 
55420-000 a 55429-999;55420000;55429999 
55365-000 a 55369-999;55365000;55369999 
56820-000 a 56827-999;56820000;56827999 
56420-000 a 56429-999;56420000;56429999 
55810-001 a 55819-999;55810001;55819999 
55810-001 a 55819-800;55810001;55819800 
55000-001 a 55119-999;55000001;55119999 
55000-001 a 55099-999;55000001;55099999 
55755-000 a 55759-999;55755000;55759999 
55400-000 a 55404-999;55400000;55404999 
56130-000 a 56139-999;56130000;56139999 
55835-000 a 55839-999;55835000;55839999 
55636-000 a 55639-999;55636000;55639999 
55940-000 a 55949-999;55940000;55949999 
55315-000 a 55319-999;55315000;55319999 
55525-000 a 55529-999;55525000;55529999 
55655-000 a 55659-999;55655000;55659999 
55460-000 a 55469-999;55460000;55469999 
56640-000 a 56669-999;56640000;56669999 
56355-000 a 56359-999;56355000;56359999 
55500-000 a 55509-999;55500000;55509999 
56230-000 a 56249-999;56230000;56249999 
55715-000 a 55719-999;55715000;55719999 
53990-000 a 53999-999;53990000;53999999 
55880-000 a 55889-999;55880000;55889999 
56850-000 a 56869-999;56850000;56869999 
56400-000 a 56419-999;56400000;56419999 
55780-000 a 55789-999;55780000;55789999 
55530-000 a 55534-999;55530000;55534999 
55290-001 a 55304-999;55290001;55304999 
55290-001 a 55299-999;55290001;55299999 
55620-000 a 55629-999;55620000;55629999 
55900-000 a 55919-999;55900000;55919999 
56160-000 a 56162-999;56160000;56162999 
55640-001 a 55649-999;55640001;55649999 
55640-001 a 55645-999;55640001;55645999 
55345-000 a 55349-999;55345000;55349999 
56580-000 a 56599-999;56580000;56599999 
55390-000 a 55394-999;55390000;55394999 
53600-001 a 53689-999;53600001;53689999 
53600-001 a 53659-999;53600001;53659999 
56840-000 a 56849-999;56840000;56849999 
53900-000 a 53989-999;53900000;53989999 
56560-000 a 56564-999;56560000;56564999 
56830-000 a 56839-999;56830000;56839999 
55590-000 a 55599-999;55590000;55599999 
56260-000 a 56279-999;56260000;56279999 
56430-000 a 56439-999;56430000;56439999 
56550-000 a 56559-999;56550000;56559999 
55920-000 a 55929-999;55920000;55929999 
56720-000 a 56739-999;56720000;56739999 
53700-000 a 53899-999;53700000;53899999 
55950-000 a 55999-999;55950000;55999999 
54000-001 a 54499-999;54000001;54499999 
54000-001 a 54499-999;54000001;54499999 
55409-000 a 55409-999;55409000;55409999 
55180-000 a 55189-999;55180000;55189999 
56470-000 a 56479-999;56470000;56479999 
55720-000 a 55729-999;55720000;55729999 
55535-000 a 55539-999;55535000;55539999 
55398-000 a 55399-999;55398000;55399999 
55395-000 a 55397-999;55395000;55397999 
55480-000 a 55489-999;55480000;55489999 
55820-000 a 55824-999;55820000;55824999 
55840-000 a 55844-999;55840000;55844999 
55320-000 a 55324-999;55320000;55324999 
55450-000 a 55459-999;55450000;55459999 
56395-000 a 56399-999;56395000;56399999 
55385-000 a 55389-999;55385000;55389999 
55700-000 a 55714-999;55700000;55714999 
55865-000 a 55869-999;55865000;55869999 
55740-000 a 55744-999;55740000;55744999 
56565-000 a 56579-999;56565000;56579999 
55405-000 a 55408-999;55405000;55408999 
56980-000 a 56999-999;56980000;56999999 
56150-000 a 56159-999;56150000;56159999 
54800-000 a 54999-999;54800000;54999999 
55800-000 a 55804-999;55800000;55804999 
53000-001 a 53399-999;53000001;53399999 
53000-001 a 53399-999;53000001;53399999 
55745-000 a 55749-999;55745000;55749999 
56170-000 a 56179-999;56170000;56179999 
56200-000 a 56209-999;56200000;56209999 
55540-000 a 55549-999;55540000;55549999 
55310-000 a 55314-999;55310000;55314999 
55470-000 a 55479-999;55470000;55479999 
55355-000 a 55359-999;55355000;55359999 
56163-000 a 56169-999;56163000;56169999 
55650-000 a 55654-999;55650000;55654999 
55825-000 a 55834-999;55825000;55834999 
53400-001 a 53499-999;53400001;53499999 
53400-001 a 53499-999;53400001;53499999 
55280-000 a 55289-999;55280000;55289999 
55200-000 a 55239-999;55200000;55239999 
56460-000 a 56469-999;56460000;56469999 
56300-001 a 56354-999;56300001;56354999 
56300-001 a 56334-999;56300001;56334999 
55240-000 a 55249-999;55240000;55249999 
55630-000 a 55635-999;55630000;55635999 
55510-000 a 55514-999;55510000;55514999 
55415-000 a 55419-999;55415000;55419999 
56828-000 a 56829-999;56828000;56829999 
50000-001 a 52999-999;50000001;52999999 
50000-001 a 52999-999;50000001;52999999 
55120-000 a 55124-999;55120000;55124999 
55520-000 a 55524-999;55520000;55524999 
55570-000 a 55577-999;55570000;55577999 
55695-000 a 55699-999;55695000;55699999 
55675-000 a 55679-999;55675000;55679999 
56000-000 a 56119-999;56000000;56119999 
55350-000 a 55354-999;55350000;55354999 
55250-000 a 55259-999;55250000;55259999 
56215-000 a 56219-999;56215000;56219999 
56895-000 a 56899-999;56895000;56899999 
55190-001 a 55199-999;55190001;55199999 
55190-001 a 55197-999;55190001;55197999 
56210-000 a 56214-999;56210000;56214999 
56380-000 a 56394-999;56380000;56394999 
55765-000 a 55769-999;55765000;55769999 
56750-000 a 56759-999;56750000;56759999 
55410-000 a 55414-999;55410000;55414999 
55370-000 a 55374-999;55370000;55374999 
55130-000 a 55139-999;55130000;55139999 
55435-000 a 55439-999;55435000;55439999 
55670-000 a 55674-999;55670000;55674999 
55565-000 a 55569-999;55565000;55569999 
56950-000 a 56979-999;56950000;56979999 
56700-000 a 56719-999;56700000;56719999 
54700-001 a 54749-999;54700001;54749999 
54700-001 a 54748-999;54700001;54748999 
55860-000 a 55864-999;55860000;55864999 
56900-001 a 56929-999;56900001;56929999 
56900-001 a 56915-999;56900001;56915999 
56140-000 a 56149-999;56140000;56149999 
56600-000 a 56639-999;56600000;56639999 
55580-000 a 55589-999;55580000;55589999 
56795-000 a 56799-999;56795000;56799999 
55750-000 a 55754-999;55750000;55754999 
56780-000 a 56794-999;56780000;56794999 
55140-000 a 55149-999;55140000;55149999 
56480-000 a 56499-999;56480000;56499999 
55578-000 a 55579-999;55578000;55579999 
55790-000 a 55799-999;55790000;55799999 
55305-000 a 55309-999;55305000;55309999 
56190-000 a 56199-999;56190000;56199999 
55870-000 a 55879-999;55870000;55879999 
55125-000 a 55129-999;55125000;55129999 
55805-000 a 55809-999;55805000;55809999 
56250-000 a 56259-999;56250000;56259999 
56870-000 a 56894-999;56870000;56894999 
56540-000 a 56549-999;56540000;56549999 
56760-000 a 56779-999;56760000;56779999 
55270-000 a 55279-999;55270000;55279999 
56120-000 a 56129-999;56120000;56129999 
55760-000 a 55764-999;55760000;55764999 
55770-000 a 55779-999;55770000;55779999 
55850-000 a 55859-999;55850000;55859999 
55600-001 a 55619-999;55600001;55619999 
55600-001 a 55617-999;55600001;55617999 
55555-000 a 55559-999;55555000;55559999 
64748-000 a 64749-999;64748000;64749999 
64440-000 a 64444-999;64440000;64444999 
64460-000 a 64464-999;64460000;64464999 
64655-000 a 64659-999;64655000;64659999 
64675-000 a 64677-999;64675000;64677999 
64360-000 a 64364-999;64360000;64364999 
64290-000 a 64294-999;64290000;64294999 
64923-000 a 64924-999;64923000;64924999 
64400-000 a 64409-999;64400000;64409999 
64410-000 a 64414-999;64410000;64414999 
64780-000 a 64781-999;64780000;64781999 
64855-000 a 64857-999;64855000;64857999 
64310-000 a 64314-999;64310000;64314999 
64612-000 a 64612-999;64612000;64612999 
64480-000 a 64489-999;64480000;64489999 
64333-000 a 64334-999;64333000;64334999 
64965-000 a 64967-999;64965000;64967999 
64868-000 a 64869-999;64868000;64869999 
64528-000 a 64529-999;64528000;64529999 
64100-000 a 64104-999;64100000;64104999 
64990-000 a 64992-999;64990000;64992999 
64455-000 a 64459-999;64455000;64459999 
64190-000 a 64199-999;64190000;64199999 
64705-000 a 64709-999;64705000;64709999 
64678-000 a 64679-999;64678000;64679999 
64380-000 a 64387-999;64380000;64387999 
64870-000 a 64872-999;64870000;64872999 
64753-000 a 64754-999;64753000;64754999 
64108-000 a 64109-999;64108000;64109999 
64630-000 a 64634-999;64630000;64634999 
64900-000 a 64904-999;64900000;64904999 
64225-000 a 64227-999;64225000;64227999 
64775-000 a 64777-999;64775000;64777999 
64283-000 a 64284-999;64283000;64284999 
64265-000 a 64269-999;64265000;64269999 
64895-000 a 64897-999;64895000;64897999 
64230-000 a 64232-999;64230000;64232999 
64345-000 a 64349-999;64345000;64349999 
64105-000 a 64107-999;64105000;64107999 
64514-000 a 64515-999;64514000;64515999 
64222-000 a 64223-999;64222000;64223999 
64695-000 a 64699-999;64695000;64699999 
64730-000 a 64739-999;64730000;64739999 
64767-000 a 64767-999;64767000;64767999 
64578-000 a 64579-999;64578000;64579999 
64148-000 a 64149-999;64148000;64149999 
64280-000 a 64282-999;64280000;64282999 
64833-000 a 64834-999;64833000;64834999 
64890-000 a 64892-999;64890000;64892999 
64270-000 a 64274-999;64270000;64274999 
64763-000 a 64763-999;64763000;64763999 
64795-000 a 64797-999;64795000;64797999 
64233-000 a 64234-999;64233000;64234999 
64590-000 a 64594-999;64590000;64594999 
64340-000 a 64342-999;64340000;64342999 
64228-000 a 64229-999;64228000;64229999 
64235-000 a 64237-999;64235000;64237999 
64278-000 a 64279-999;64278000;64279999 
64238-000 a 64239-999;64238000;64239999 
64335-000 a 64339-999;64335000;64339999 
64885-000 a 64889-999;64885000;64889999 
64516-000 a 64517-999;64516000;64517999 
64740-000 a 64744-999;64740000;64744999 
64793-000 a 64794-999;64793000;64794999 
64980-000 a 64984-999;64980000;64984999 
64995-000 a 64999-999;64995000;64999999 
64920-000 a 64922-999;64920000;64922999 
64960-000 a 64962-999;64960000;64962999 
64905-000 a 64909-999;64905000;64909999 
64595-000 a 64599-999;64595000;64599999 
64453-000 a 64454-999;64453000;64454999 
64390-000 a 64394-999;64390000;64394999 
64785-000 a 64787-999;64785000;64787999 
64620-000 a 64624-999;64620000;64624999 
64790-000 a 64792-999;64790000;64792999 
64250-000 a 64252-999;64250000;64252999 
64325-000 a 64329-999;64325000;64329999 
64880-000 a 64884-999;64880000;64884999 
64180-000 a 64189-999;64180000;64189999 
64788-000 a 64789-999;64788000;64789999 
64815-000 a 64819-999;64815000;64819999 
64563-000 a 64564-999;64563000;64564999 
64800-001 a 64814-999;64800001;64814999 
64800-001 a 64809-999;64800001;64809999 
64520-000 a 64524-999;64520000;64524999 
64475-000 a 64479-999;64475000;64479999 
64683-000 a 64684-999;64683000;64684999 
64645-000 a 64649-999;64645000;64649999 
64690-000 a 64694-999;64690000;64694999 
64613-000 a 64614-999;64613000;64614999 
64930-000 a 64939-999;64930000;64939999 
64840-000 a 64844-999;64840000;64844999 
64798-000 a 64799-999;64798000;64799999 
64470-000 a 64474-999;64470000;64474999 
64224-000 a 64224-999;64224000;64224999 
64535-000 a 64539-999;64535000;64539999 
64540-000 a 64544-999;64540000;64544999 
64570-000 a 64572-999;64570000;64572999 
64565-000 a 64567-999;64565000;64567999 
64820-000 a 64824-999;64820000;64824999 
64755-000 a 64757-999;64755000;64757999 
64575-000 a 64577-999;64575000;64577999 
64495-000 a 64499-999;64495000;64499999 
64275-000 a 64277-999;64275000;64277999 
64830-000 a 64832-999;64830000;64832999 
64765-000 a 64766-999;64765000;64766999 
64170-000 a 64174-999;64170000;64174999 
64165-000 a 64167-999;64165000;64167999 
64110-000 a 64119-999;64110000;64119999 
64343-000 a 64344-999;64343000;64344999 
64963-000 a 64964-999;64963000;64964999 
64782-000 a 64782-999;64782000;64782999 
64138-000 a 64139-999;64138000;64139999 
64258-000 a 64259-999;64258000;64259999 
64768-000 a 64769-999;64768000;64769999 
64388-000 a 64389-999;64388000;64389999 
64308-000 a 64309-999;64308000;64309999 
64465-000 a 64467-999;64465000;64467999 
64850-000 a 64854-999;64850000;64854999 
64220-000 a 64221-999;64220000;64221999 
64160-000 a 64164-999;64160000;64164999 
64168-000 a 64169-999;64168000;64169999 
64875-000 a 64879-999;64875000;64879999 
64685-000 a 64687-999;64685000;64687999 
64845-000 a 64849-999;64845000;64849999 
64573-000 a 64574-999;64573000;64574999 
64150-000 a 64154-999;64150000;64154999 
64130-000 a 64137-999;64130000;64137999 
64445-000 a 64449-999;64445000;64449999 
64253-000 a 64254-999;64253000;64254999 
64450-000 a 64452-999;64450000;64452999 
64650-000 a 64654-999;64650000;64654999 
64940-000 a 64944-999;64940000;64944999 
64968-000 a 64969-999;64968000;64969999 
64178-000 a 64179-999;64178000;64179999 
64175-000 a 64177-999;64175000;64177999 
64825-000 a 64829-999;64825000;64829999 
64415-000 a 64419-999;64415000;64419999 
64288-000 a 64289-999;64288000;64289999 
64140-000 a 64144-999;64140000;64144999 
64764-000 a 64764-999;64764000;64764999 
64530-000 a 64534-999;64530000;64534999 
64365-000 a 64369-999;64365000;64369999 
64500-000 a 64509-999;64500000;64509999 
64468-000 a 64469-999;64468000;64469999 
64680-000 a 64682-999;64680000;64682999 
64710-000 a 64719-999;64710000;64719999 
64898-000 a 64899-999;64898000;64899999 
64925-000 a 64929-999;64925000;64929999 
64420-000 a 64429-999;64420000;64429999 
64618-000 a 64619-999;64618000;64619999 
64970-000 a 64974-999;64970000;64974999 
64200-001 a 64219-999;64200001;64219999 
64200-001 a 64219-999;64200001;64219999 
64395-000 a 64399-999;64395000;64399999 
64580-000 a 64584-999;64580000;64584999 
64295-000 a 64299-999;64295000;64299999 
64750-000 a 64752-999;64750000;64752999 
64838-000 a 64839-999;64838000;64839999 
64255-000 a 64257-999;64255000;64257999 
64728-000 a 64729-999;64728000;64729999 
64600-001 a 64609-999;64600001;64609999 
64600-001 a 64608-999;64600001;64608999 
64320-000 a 64324-999;64320000;64324999 
64660-000 a 64669-999;64660000;64669999 
64240-000 a 64242-999;64240000;64242999 
64260-000 a 64264-999;64260000;64264999 
64145-000 a 64147-999;64145000;64147999 
64858-000 a 64859-999;64858000;64859999 
64370-000 a 64374-999;64370000;64374999 
64758-000 a 64759-999;64758000;64759999 
64915-000 a 64919-999;64915000;64919999 
64490-000 a 64494-999;64490000;64494999 
64975-000 a 64979-999;64975000;64979999 
64725-000 a 64727-999;64725000;64727999 
64865-000 a 64867-999;64865000;64867999 
64835-000 a 64837-999;64835000;64837999 
64545-000 a 64547-999;64545000;64547999 
64315-000 a 64319-999;64315000;64319999 
64945-000 a 64959-999;64945000;64959999 
64910-000 a 64914-999;64910000;64914999 
64518-000 a 64519-999;64518000;64519999 
64615-000 a 64617-999;64615000;64617999 
64640-000 a 64644-999;64640000;64644999 
64438-000 a 64439-999;64438000;64439999 
64560-000 a 64562-999;64560000;64562999 
64783-000 a 64784-999;64783000;64784999 
64375-000 a 64377-999;64375000;64377999 
64745-000 a 64747-999;64745000;64747999 
64550-000 a 64554-999;64550000;64554999 
64993-000 a 64994-999;64993000;64994999 
64435-000 a 64437-999;64435000;64437999 
64635-000 a 64637-999;64635000;64637999 
64243-000 a 64244-999;64243000;64244999 
64350-000 a 64359-999;64350000;64359999 
64510-000 a 64511-999;64510000;64511999 
64155-000 a 64159-999;64155000;64159999 
64760-000 a 64762-999;64760000;64762999 
64245-000 a 64249-999;64245000;64249999 
64555-000 a 64557-999;64555000;64557999 
64625-000 a 64629-999;64625000;64629999 
64670-000 a 64674-999;64670000;64674999 
64778-000 a 64779-999;64778000;64779999 
64638-000 a 64639-999;64638000;64639999 
64378-000 a 64379-999;64378000;64379999 
64558-000 a 64559-999;64558000;64559999 
64330-000 a 64332-999;64330000;64332999 
64430-000 a 64434-999;64430000;64434999 
64770-000 a 64772-999;64770000;64772999 
64985-000 a 64989-999;64985000;64989999 
64873-000 a 64874-999;64873000;64874999 
64285-000 a 64287-999;64285000;64287999 
64585-000 a 64589-999;64585000;64589999 
64700-000 a 64704-999;64700000;64704999 
64720-000 a 64724-999;64720000;64724999 
64610-000 a 64611-999;64610000;64611999 
64893-000 a 64894-999;64893000;64894999 
64512-000 a 64513-999;64512000;64513999 
64000-001 a 64099-999;64000001;64099999 
64000-001 a 64099-999;64000001;64099999 
64120-000 a 64125-999;64120000;64125999 
64860-000 a 64864-999;64860000;64864999 
64300-000 a 64307-999;64300000;64307999 
64773-000 a 64774-999;64773000;64774999 
64525-000 a 64527-999;64525000;64527999 
64568-000 a 64569-999;64568000;64569999 
64688-000 a 64689-999;64688000;64689999 
64548-000 a 64549-999;64548000;64549999 
86460-000 a 86464-999;86460000;86464999 
83490-000 a 83499-999;83490000;83499999 
83850-000 a 83859-999;83850000;83859999 
83500-001 a 83534-999;83500001;83534999 
83500-001 a 83529-999;83500001;83529999 
85280-000 a 85299-999;85280000;85299999 
87528-000 a 87529-999;87528000;87529999 
87750-000 a 87759-999;87750000;87759999 
87580-000 a 87594-999;87580000;87594999 
87550-000 a 87554-999;87550000;87554999 
86150-000 a 86159-999;86150000;86159999 
87850-000 a 87859-999;87850000;87859999 
85640-000 a 85649-999;85640000;85649999 
85425-000 a 85429-999;85425000;85429999 
86380-000 a 86384-999;86380000;86384999 
86755-000 a 86759-999;86755000;86759999 
83370-000 a 83389-999;83370000;83389999 
83980-000 a 83999-999;83980000;83999999 
86800-001 a 86819-999;86800001;86819999 
86800-001 a 86815-999;86800001;86815999 
86700-001 a 86719-999;86700001;86719999 
86700-001 a 86716-999;86700001;86716999 
84990-000 a 84999-999;84990000;84999999 
86884-000 a 86889-999;86884000;86889999 
87260-000 a 87264-999;87260000;87264999 
83700-001 a 83729-999;83700001;83729999 
83700-001 a 83724-999;83700001;83724999 
86880-000 a 86883-999;86880000;86883999 
86220-000 a 86224-999;86220000;86224999 
85935-000 a 85939-999;85935000;85939999 
86730-000 a 86749-999;86730000;86749999 
87630-000 a 87639-999;87630000;87639999 
83650-000 a 83699-999;83650000;83699999 
86360-000 a 86369-999;86360000;86369999 
86960-000 a 86969-999;86960000;86969999 
86385-000 a 86389-999;86385000;86389999 
85700-000 a 85707-999;85700000;85707999 
85745-000 a 85749-999;85745000;85749999 
86130-000 a 86139-999;86130000;86139999 
84640-000 a 84659-999;84640000;84659999 
87390-000 a 87394-999;87390000;87394999 
85680-000 a 85684-999;85680000;85684999 
85225-000 a 85229-999;85225000;85229999 
85780-000 a 85789-999;85780000;85789999 
83450-000 a 83479-999;83450000;83479999 
85708-000 a 85709-999;85708000;85709999 
86940-000 a 86944-999;86940000;86944999 
85515-000 a 85519-999;85515000;85519999 
86925-000 a 86929-999;86925000;86929999 
85430-000 a 85439-999;85430000;85439999 
87595-000 a 87599-999;87595000;87599999 
86640-000 a 86649-999;86640000;86649999 
85415-000 a 85419-999;85415000;85419999 
87565-000 a 87569-999;87565000;87569999 
86820-000 a 86824-999;86820000;86824999 
86390-000 a 86399-999;86390000;86399999 
86180-001 a 86199-999;86180001;86199999 
86180-001 a 86195-999;86180001;86195999 
86890-000 a 86894-999;86890000;86894999 
87345-000 a 87354-999;87345000;87354999 
85148-000 a 85149-999;85148000;85149999 
83430-000 a 83449-999;83430000;83449999 
85450-000 a 85459-999;85450000;85459999 
83870-000 a 83879-999;83870000;83879999 
83600-001 a 83649-999;83600001;83649999 
83600-001 a 83640-999;83600001;83640999 
83535-000 a 83539-999;83535000;83539999 
87300-001 a 87319-999;87300001;87319999 
87300-001 a 87314-999;87300001;87314999 
84470-000 a 84499-999;84470000;84499999 
85140-000 a 85144-999;85140000;85144999 
85160-000 a 85161-999;85160000;85161999 
85760-000 a 85769-999;85760000;85769999 
85790-000 a 85794-999;85790000;85794999 
84145-000 a 84149-999;84145000;84149999 
86420-000 a 86429-999;86420000;86429999 
85800-001 a 85824-999;85800001;85824999 
85800-001 a 85820-999;85800001;85820999 
84160-001 a 84199-999;84160001;84199999 
84160-001 a 84184-999;84160001;84184999 
85470-000 a 85477-999;85470000;85477999 
86630-000 a 86634-999;86630000;86634999 
83570-000 a 83589-999;83570000;83589999 
85840-000 a 85844-999;85840000;85844999 
85560-000 a 85564-999;85560000;85564999 
87200-001 a 87214-999;87200001;87214999 
87200-001 a 87212-999;87200001;87212999 
87820-000 a 87829-999;87820000;87829999 
85530-000 a 85539-999;85530000;85539999 
83400-001 a 83419-999;83400001;83419999 
83400-001 a 83415-999;83400001;83415999 
86690-000 a 86699-999;86690000;86699999 
86320-000 a 86329-999;86320000;86329999 
86480-000 a 86489-999;86480000;86489999 
83730-000 a 83749-999;83730000;83749999 
85420-000 a 85422-999;85420000;85422999 
86300-000 a 86309-999;86300000;86309999 
85557-000 a 85559-999;85557000;85559999 
85550-000 a 85554-999;85550000;85554999 
86970-000 a 86974-999;86970000;86974999 
84620-000 a 84629-999;84620000;84629999 
85598-000 a 85599-999;85598000;85599999 
87400-000 a 87429-999;87400000;87429999 
87650-000 a 87659-999;87650000;87659999 
86855-000 a 86859-999;86855000;86859999 
80000-001 a 82999-999;80000001;82999999 
80000-001 a 82999-999;80000001;82999999 
84280-000 a 84284-999;84280000;84284999 
87990-000 a 87999-999;87990000;87999999 
85408-000 a 85409-999;85408000;85409999 
85896-000 a 85897-999;85896000;85897999 
85660-000 a 85669-999;85660000;85669999 
87485-000 a 87489-999;87485000;87489999 
87155-000 a 87159-999;87155000;87159999 
83590-000 a 83599-999;83590000;83599999 
85630-000 a 85634-999;85630000;85634999 
87270-000 a 87279-999;87270000;87279999 
85988-000 a 85989-999;85988000;85989999 
87545-000 a 87549-999;87545000;87549999 
85465-000 a 85469-999;85465000;85469999 
87325-000 a 87329-999;87325000;87329999 
86840-000 a 86844-999;86840000;86844999 
83820-001 a 83839-999;83820001;83839999 
83820-001 a 83835-999;83820001;83835999 
86950-000 a 86959-999;86950000;86959999 
84535-000 a 84549-999;84535000;84549999 
84285-000 a 84289-999;84285000;84289999 
85618-000 a 85619-999;85618000;85619999 
87185-000 a 87189-999;87185000;87189999 
87120-000 a 87129-999;87120000;87129999 
86165-000 a 86169-999;86165000;86169999 
86780-000 a 86789-999;86780000;86789999 
85830-000 a 85832-999;85830000;85832999 
85850-001 a 85874-999;85850001;85874999 
85850-001 a 85871-999;85850001;85871999 
85145-000 a 85147-999;85145000;85147999 
87570-000 a 87579-999;87570000;87579999 
85600-001 a 85609-999;85600001;85609999 
85600-001 a 85606-999;85600001;85606999 
84660-000 a 84899-999;84660000;84899999 
86938-000 a 86939-999;86938000;86939999 
87360-000 a 87364-999;87360000;87364999 
85162-000 a 85167-999;85162000;85167999 
86845-000 a 86847-999;86845000;86847999 
85980-000 a 85987-999;85980000;85987999 
87880-000 a 87889-999;87880000;87889999 
84435-000 a 84449-999;84435000;84449999 
86465-000 a 86469-999;86465000;86469999 
87810-000 a 87819-999;87810000;87819999 
86620-000 a 86629-999;86620000;86629999 
85400-000 a 85407-999;85400000;85407999 
85000-001 a 85139-999;85000001;85139999 
85000-001 a 85099-999;85000001;85099999 
83390-000 a 83399-999;83390000;83399999 
83280-000 a 83299-999;83280000;83299999 
85548-000 a 85549-999;85548000;85549999 
84900-000 a 84919-999;84900000;84919999 
85478-000 a 85484-999;85478000;85484999 
86200-000 a 86209-999;86200000;86209999 
87530-000 a 87534-999;87530000;87534999 
86750-000 a 86754-999;86750000;86754999 
85423-000 a 85424-999;85423000;85424999 
84250-000 a 84259-999;84250000;84259999 
84430-000 a 84434-999;84430000;84434999 
85155-000 a 85159-999;85155000;85159999 
87670-000 a 87679-999;87670000;87679999 
87235-000 a 87239-999;87235000;87239999 
84450-000 a 84459-999;84450000;84459999 
87560-000 a 87564-999;87560000;87564999 
85833-000 a 85834-999;85833000;85834999 
84500-000 a 84529-999;84500000;84529999 
87280-000 a 87289-999;87280000;87289999 
86670-000 a 86679-999;86670000;86679999 
85880-000 a 85883-999;85880000;85883999 
86375-000 a 86379-999;86375000;86379999 
87175-000 a 87179-999;87175000;87179999 
85580-000 a 85584-999;85580000;85584999 
83560-000 a 83569-999;83560000;83569999 
87980-000 a 87989-999;87980000;87989999 
84460-000 a 84469-999;84460000;84469999 
86870-000 a 86879-999;86870000;86879999 
87525-000 a 87527-999;87525000;87527999 
87130-000 a 87139-999;87130000;87139999 
84930-000 a 84934-999;84930000;84934999 
86400-000 a 86409-999;86400000;86409999 
86610-000 a 86612-999;86610000;86612999 
84200-000 a 84219-999;84200000;84219999 
86900-000 a 86909-999;86900000;86909999 
87380-000 a 87389-999;87380000;87389999 
84920-000 a 84924-999;84920000;84924999 
87225-000 a 87229-999;87225000;87229999 
86860-000 a 86864-999;86860000;86864999 
87690-000 a 87699-999;87690000;87699999 
86210-000 a 86219-999;86210000;86219999 
85835-000 a 85839-999;85835000;85839999 
86455-000 a 86459-999;86455000;86459999 
86470-000 a 86479-999;86470000;86479999 
87355-000 a 87359-999;87355000;87359999 
87230-000 a 87234-999;87230000;87234999 
86920-000 a 86924-999;86920000;86924999 
83750-000 a 83799-999;83750000;83799999 
85275-000 a 85279-999;85275000;85279999 
85300-001 a 85339-999;85300001;85339999 
85300-001 a 85319-999;85300001;85319999 
86330-000 a 86339-999;86330000;86339999 
86865-000 a 86869-999;86865000;86869999 
85826-000 a 85829-999;85826000;85829999 
87900-000 a 87909-999;87900000;87909999 
86790-000 a 86799-999;86790000;86799999 
86000-001 a 86124-999;86000001;86124999 
86000-001 a 86099-999;86000001;86099999 
87290-000 a 87299-999;87290000;87299999 
86935-000 a 86937-999;86935000;86937999 
86635-000 a 86639-999;86635000;86639999 
84570-000 a 84599-999;84570000;84599999 
87340-000 a 87344-999;87340000;87344999 
87160-000 a 87169-999;87160000;87169999 
86975-000 a 86989-999;86975000;86989999 
83800-000 a 83819-999;83800000;83819999 
85628-000 a 85629-999;85628000;85629999 
85540-000 a 85547-999;85540000;85547999 
85260-000 a 85269-999;85260000;85269999 
85960-000 a 85979-999;85960000;85979999 
87480-000 a 87484-999;87480000;87484999 
86990-000 a 86999-999;86990000;86999999 
86825-000 a 86827-999;86825000;86827999 
87960-000 a 87969-999;87960000;87969999 
87470-000 a 87479-999;87470000;87479999 
87000-001 a 87109-999;87000001;87109999 
87000-001 a 87109-999;87000001;87109999 
85525-000 a 85529-999;85525000;85529999 
85955-000 a 85959-999;85955000;85959999 
85615-000 a 85617-999;85615000;85617999 
85168-000 a 85169-999;85168000;85169999 
86910-000 a 86919-999;86910000;86919999 
85887-000 a 85887-999;85887000;85887999 
83260-000 a 83279-999;83260000;83279999 
85240-000 a 85249-999;85240000;85249999 
86828-000 a 86829-999;86828000;86829999 
85884-000 a 85884-999;85884000;85884999 
85998-000 a 85999-999;85998000;85999999 
87840-000 a 87849-999;87840000;87849999 
86615-000 a 86617-999;86615000;86617999 
85890-000 a 85891-999;85890000;85891999 
87370-000 a 87379-999;87370000;87379999 
83350-000 a 83369-999;83350000;83369999 
86760-000 a 86769-999;86760000;86769999 
86680-000 a 86689-999;86680000;86689999 
87790-000 a 87799-999;87790000;87799999 
86230-000 a 86239-999;86230000;86239999 
85410-000 a 85414-999;85410000;85414999 
87330-000 a 87339-999;87330000;87339999 
87600-000 a 87629-999;87600000;87629999 
85635-000 a 85639-999;85635000;85639999 
86310-000 a 86314-999;86310000;86314999 
85350-000 a 85389-999;85350000;85389999 
87970-000 a 87979-999;87970000;87979999 
87490-000 a 87499-999;87490000;87499999 
85685-000 a 85699-999;85685000;85699999 
86250-000 a 86269-999;86250000;86269999 
85930-000 a 85932-999;85930000;85932999 
85250-000 a 85259-999;85250000;85259999 
86895-000 a 86899-999;86895000;86899999 
84350-000 a 84399-999;84350000;84399999 
87170-000 a 87174-999;87170000;87174999 
85933-000 a 85934-999;85933000;85934999 
87140-000 a 87154-999;87140000;87154999 
85555-000 a 85556-999;85555000;85556999 
84130-000 a 84139-999;84130000;84139999 
85270-000 a 85274-999;85270000;85274999 
85950-000 a 85954-999;85950000;85954999 
87780-000 a 87789-999;87780000;87789999 
87660-000 a 87669-999;87660000;87669999 
83200-001 a 83254-999;83200001;83254999 
83200-001 a 83249-999;83200001;83249999 
87680-000 a 87689-999;87680000;87689999 
87700-001 a 87729-999;87700001;87729999 
87700-001 a 87721-999;87700001;87721999 
85948-000 a 85949-999;85948000;85949999 
85500-001 a 85514-999;85500001;85514999 
85500-001 a 85513-999;85500001;85513999 
84630-000 a 84634-999;84630000;84634999 
84635-000 a 84639-999;84635000;84639999 
87250-000 a 87259-999;87250000;87259999 
87538-000 a 87539-999;87538000;87539999 
87540-000 a 87544-999;87540000;87544999 
85740-000 a 85744-999;85740000;85744999 
83860-000 a 83869-999;83860000;83869999 
83320-001 a 83349-999;83320001;83349999 
83320-001 a 83349-999;83320001;83349999 
85727-000 a 85729-999;85727000;85729999 
84925-000 a 84929-999;84925000;84929999 
85170-000 a 85194-999;85170000;85194999 
84240-000 a 84249-999;84240000;84249999 
83300-001 a 83319-999;83300001;83319999 
83300-001 a 83318-999;83300001;83318999 
85200-000 a 85224-999;85200000;85224999 
86613-000 a 86614-999;86613000;86614999 
87860-000 a 87879-999;87860000;87879999 
85750-000 a 85759-999;85750000;85759999 
84000-001 a 84129-999;84000001;84129999 
84000-001 a 84099-999;84000001;84099999 
83255-000 a 83259-999;83255000;83259999 
86160-000 a 86164-999;86160000;86164999 
84140-000 a 84144-999;84140000;84144999 
85345-000 a 85349-999;85345000;85349999 
87950-000 a 87954-999;87950000;87954999 
84615-000 a 84619-999;84615000;84619999 
86618-000 a 86619-999;86618000;86619999 
85730-000 a 85739-999;85730000;85739999 
87180-000 a 87184-999;87180000;87184999 
86140-000 a 86149-999;86140000;86149999 
84400-000 a 84429-999;84400000;84429999 
87365-000 a 87369-999;87365000;87369999 
86450-000 a 86454-999;86450000;86454999 
83420-000 a 83429-999;83420000;83429999 
85940-000 a 85944-999;85940000;85944999 
85460-000 a 85464-999;85460000;85464999 
87930-000 a 87949-999;87930000;87949999 
87265-000 a 87269-999;87265000;87269999 
83840-000 a 83849-999;83840000;83849999 
85888-000 a 85889-999;85888000;85889999 
86290-000 a 86299-999;86290000;86299999 
87395-000 a 87399-999;87395000;87399999 
85770-000 a 85779-999;85770000;85779999 
84550-000 a 84559-999;84550000;84559999 
85610-000 a 85614-999;85610000;85614999 
84320-000 a 84344-999;84320000;84344999 
85195-000 a 85199-999;85195000;85199999 
86410-000 a 86419-999;86410000;86419999 
86490-000 a 86599-999;86490000;86599999 
84560-000 a 84569-999;84560000;84569999 
86830-000 a 86839-999;86830000;86839999 
85340-000 a 85344-999;85340000;85344999 
86848-000 a 86849-999;86848000;86849999 
83540-000 a 83559-999;83540000;83559999 
83880-000 a 83899-999;83880000;83899999 
86600-001 a 86609-999;86600001;86609999 
86600-001 a 86609-999;86600001;86609999 
87320-000 a 87324-999;87320000;87324999 
87800-000 a 87809-999;87800000;87809999 
86850-000 a 86854-999;86850000;86854999 
86720-000 a 86729-999;86720000;86729999 
85620-000 a 85627-999;85620000;85627999 
84945-000 a 84949-999;84945000;84949999 
85670-000 a 85679-999;85670000;85679999 
86370-000 a 86374-999;86370000;86374999 
86225-000 a 86229-999;86225000;86229999 
87920-000 a 87929-999;87920000;87929999 
86770-000 a 86779-999;86770000;86779999 
85892-000 a 85895-999;85892000;85895999 
86660-000 a 86669-999;86660000;86669999 
87910-000 a 87914-999;87910000;87914999 
85650-000 a 85659-999;85650000;85659999 
85795-000 a 85799-999;85795000;85799999 
85230-000 a 85239-999;85230000;85239999 
86350-000 a 86359-999;86350000;86359999 
87915-000 a 87919-999;87915000;87919999 
85825-000 a 85825-999;85825000;85825999 
85875-000 a 85876-999;85875000;85876999 
84970-000 a 84979-999;84970000;84979999 
86430-000 a 86449-999;86430000;86449999 
87730-000 a 87739-999;87730000;87739999 
86315-000 a 86319-999;86315000;86319999 
85710-000 a 85726-999;85710000;85726999 
86650-000 a 86659-999;86650000;86659999 
87770-000 a 87779-999;87770000;87779999 
86270-000 a 86279-999;86270000;86279999 
85570-000 a 85574-999;85570000;85574999 
87740-000 a 87749-999;87740000;87749999 
86930-000 a 86934-999;86930000;86934999 
84150-000 a 84159-999;84150000;84159999 
87190-000 a 87199-999;87190000;87199999 
87555-000 a 87559-999;87555000;87559999 
85575-000 a 85579-999;85575000;85579999 
84980-000 a 84989-999;84980000;84989999 
85898-000 a 85899-999;85898000;85899999 
83000-001 a 83189-999;83000001;83189999 
83000-001 a 83149-999;83000001;83149999 
87215-000 a 87219-999;87215000;87219999 
83900-000 a 83979-999;83900000;83979999 
85877-000 a 85879-999;85877000;85879999 
85929-000 a 85929-999;85929000;85929999 
86945-000 a 86949-999;86945000;86949999 
87955-000 a 87959-999;87955000;87959999 
86240-000 a 86249-999;86240000;86249999 
87220-000 a 87224-999;87220000;87224999 
84290-000 a 84299-999;84290000;84299999 
87110-001 a 87119-999;87110001;87119999 
87110-001 a 87119-999;87110001;87119999 
85568-000 a 85569-999;85568000;85569999 
84220-000 a 84239-999;84220000;84239999 
85885-000 a 85886-999;85885000;85886999 
86340-000 a 86349-999;86340000;86349999 
86170-000 a 86179-999;86170000;86179999 
84940-000 a 84944-999;84940000;84944999 
85565-000 a 85567-999;85565000;85567999 
86125-000 a 86129-999;86125000;86129999 
87760-000 a 87769-999;87760000;87769999 
87430-000 a 87449-999;87430000;87449999 
87830-000 a 87839-999;87830000;87839999 
84530-000 a 84534-999;84530000;84534999 
84260-001 a 84279-999;84260001;84279999 
84260-001 a 84274-999;84260001;84274999 
87240-000 a 87249-999;87240000;87249999 
87890-000 a 87899-999;87890000;87899999 
85990-000 a 85997-999;85990000;85997999 
84300-000 a 84319-999;84300000;84319999 
83190-000 a 83199-999;83190000;83199999 
85900-001 a 85928-999;85900001;85928999 
85900-001 a 85919-999;85900001;85919999 
84935-000 a 84939-999;84935000;84939999 
85485-000 a 85499-999;85485000;85499999 
83480-000 a 83489-999;83480000;83489999 
87450-000 a 87469-999;87450000;87469999 
85945-000 a 85947-999;85945000;85947999 
85150-000 a 85154-999;85150000;85154999 
85440-000 a 85449-999;85440000;85449999 
87500-001 a 87524-999;87500001;87524999 
87500-001 a 87515-999;87500001;87515999 
84600-001 a 84614-999;84600001;84614999 
84600-001 a 84612-999;84600001;84612999 
87640-000 a 87649-999;87640000;87649999 
86280-000 a 86289-999;86280000;86289999 
84345-000 a 84349-999;84345000;84349999 
85845-000 a 85849-999;85845000;85849999 
85585-000 a 85597-999;85585000;85597999 
85390-000 a 85399-999;85390000;85399999 
85520-000 a 85524-999;85520000;85524999 
84950-000 a 84969-999;84950000;84969999 
87535-000 a 87537-999;87535000;87537999 
23900-001 a 23969-999;23900001;23969999 
23900-001 a 23959-999;23900001;23959999 
28495-000 a 28499-999;28495000;28499999 
28970-000 a 28989-999;28970000;28989999 
25845-000 a 25849-999;25845000;25849999 
28950-000 a 28959-999;28950000;28959999 
28930-000 a 28939-999;28930000;28939999 
27000-001 a 27174-999;27000001;27174999 
27000-001 a 27150-999;27000001;27150999 
27300-001 a 27399-999;27300001;27399999 
27300-001 a 27399-999;27300001;27399999 
26100-001 a 26199-999;26100001;26199999 
26100-001 a 26199-999;26100001;26199999 
28660-000 a 28679-999;28660000;28679999 
28360-000 a 28374-999;28360000;28374999 
28900-001 a 28929-999;28900001;28929999 
28900-001 a 28929-999;28900001;28929999 
28680-000 a 28699-999;28680000;28699999 
28430-000 a 28454-999;28430000;28454999 
28000-001 a 28179-999;28000001;28179999 
28000-001 a 28099-999;28000001;28099999 
28500-000 a 28539-999;28500000;28539999 
27998-000 a 27999-999;27998000;27999999 
28180-000 a 28199-999;28180000;28199999 
28640-000 a 28649-999;28640000;28649999 
28860-000 a 28889-999;28860000;28889999 
25870-000 a 25879-999;25870000;25879999 
28740-000 a 28749-999;28740000;28749999 
28540-000 a 28544-999;28540000;28544999 
28650-000 a 28659-999;28650000;28659999 
25000-001 a 25499-999;25000001;25499999 
25000-001 a 25499-999;25000001;25499999 
26650-000 a 26699-999;26650000;26699999 
25940-001 a 25949-999;25940001;25949999 
25940-001 a 25949-999;25940001;25949999 
28960-000 a 28969-999;28960000;28969999 
24800-001 a 24889-999;24800001;24889999 
24800-001 a 24889-999;24800001;24889999 
23800-001 a 23859-999;23800001;23859999 
23800-001 a 23859-999;23800001;23859999 
28250-000 a 28299-999;28250000;28299999 
28570-000 a 28599-999;28570000;28599999 
28300-000 a 28349-999;28300000;28349999 
27580-000 a 27599-999;27580000;27599999 
26400-001 a 26499-999;26400001;26499999 
26400-001 a 26499-999;26400001;26499999 
28350-000 a 28359-999;28350000;28359999 
27900-001 a 27997-999;27900001;27997999 
27900-001 a 27979-999;27900001;27979999 
28545-000 a 28549-999;28545000;28549999 
25900-001 a 25939-999;25900001;25939999 
25900-001 a 25939-999;25900001;25939999 
23860-000 a 23889-999;23860000;23889999 
24900-001 a 24999-999;24900001;24999999 
24900-001 a 24999-999;24900001;24999999 
26700-000 a 26899-999;26700000;26899999 
26550-001 a 26599-999;26550001;26599999 
26550-001 a 26599-999;26550001;26599999 
26900-000 a 26949-999;26900000;26949999 
28460-000 a 28469-999;28460000;28469999 
28380-000 a 28389-999;28380000;28389999 
26500-001 a 26549-999;26500001;26549999 
26500-001 a 26549-999;26500001;26549999 
24000-001 a 24399-999;24000001;24399999 
24000-001 a 24399-999;24000001;24399999 
28600-001 a 28636-999;28600001;28636999 
28600-001 a 28636-999;28600001;28636999 
26000-001 a 26099-999;26000001;26099999 
26200-000 a 26299-999;26200000;26299999 
26000-001 a 26099-999;26000001;26099999 
26200-000 a 26299-999;26200000;26299999 
26600-000 a 26649-999;26600000;26649999 
25850-000 a 25869-999;25850000;25869999 
23970-000 a 23999-999;23970000;23999999 
26950-000 a 26999-999;26950000;26999999 
25600-001 a 25779-999;25600001;25779999 
25600-001 a 25779-999;25600001;25779999 
27197-000 a 27199-999;27197000;27199999 
27175-000 a 27196-999;27175000;27196999 
28390-000 a 28399-999;28390000;28399999 
27570-000 a 27579-999;27570000;27579999 
27400-001 a 27459-999;27400001;27459999 
27400-001 a 27459-999;27400001;27459999 
26300-001 a 26399-999;26300001;26399999 
26300-001 a 26399-999;26300001;26399999 
28735-000 a 28739-999;28735000;28739999 
27500-001 a 27569-999;27500001;27569999 
27500-001 a 27549-999;27500001;27549999 
28800-000 a 28819-999;28800000;28819999 
27460-000 a 27499-999;27460000;27499999 
27660-000 a 27699-999;27660000;27699999 
28890-001 a 28899-999;28890001;28899999 
28890-001 a 28899-999;28890001;28899999 
20000-001 a 23799-999;20000001;23799999 
20000-001 a 23799-999;20000001;23799999 
28770-000 a 28799-999;28770000;28799999 
28470-000 a 28494-999;28470000;28494999 
28400-000 a 28429-999;28400000;28429999 
28230-000 a 28249-999;28230000;28249999 
24400-001 a 24799-999;24400001;24799999 
24400-001 a 24799-999;24400001;24799999 
28200-000 a 28229-999;28200000;28229999 
25500-001 a 25599-999;25500001;25599999 
25500-001 a 25599-999;25500001;25599999 
28455-000 a 28459-999;28455000;28459999 
25780-000 a 25799-999;25780000;25799999 
28940-001 a 28949-999;28940001;28949999 
28940-001 a 28949-999;28940001;28949999 
28550-000 a 28569-999;28550000;28569999 
25880-000 a 25899-999;25880000;25899999 
28990-001 a 28999-999;28990001;28999999 
28990-001 a 28999-999;28990001;28999999 
23890-001 a 23899-999;23890001;23899999 
23890-001 a 23899-999;23890001;23899999 
28820-000 a 28859-999;28820000;28859999 
28637-000 a 28639-999;28637000;28639999 
24890-000 a 24899-999;24890000;24899999 
25950-001 a 25999-999;25950001;25999999 
25950-001 a 25995-999;25950001;25995999 
28750-000 a 28769-999;28750000;28769999 
25800-001 a 25844-999;25800001;25844999 
25800-001 a 25829-999;25800001;25829999 
27600-000 a 27659-999;27600000;27659999 
28375-000 a 28379-999;28375000;28379999 
27700-000 a 27899-999;27700000;27899999 
27200-001 a 27299-999;27200001;27299999 
27200-001 a 27299-999;27200001;27299999 
59370-000 a 59373-999;59370000;59373999 
59650-000 a 59654-999;59650000;59654999 
59510-000 a 59512-999;59510000;59512999 
59995-000 a 59999-999;59995000;59999999 
59965-000 a 59969-999;59965000;59969999 
59760-000 a 59769-999;59760000;59769999 
59507-000 a 59507-999;59507000;59507999 
59515-000 a 59516-999;59515000;59516999 
59870-000 a 59879-999;59870000;59879999 
59700-000 a 59729-999;59700000;59729999 
59655-000 a 59659-999;59655000;59659999 
59170-000 a 59172-999;59170000;59172999 
59194-000 a 59195-999;59194000;59195999 
59695-000 a 59699-999;59695000;59699999 
59410-000 a 59419-999;59410000;59419999 
59555-000 a 59559-999;59555000;59559999 
59260-000 a 59269-999;59260000;59269999 
59528-000 a 59529-999;59528000;59529999 
59270-000 a 59274-999;59270000;59274999 
59219-000 a 59219-999;59219000;59219999 
59592-000 a 59593-999;59592000;59593999 
59540-000 a 59543-999;59540000;59543999 
59300-000 a 59309-999;59300000;59309999 
59680-000 a 59684-999;59680000;59684999 
59230-000 a 59234-999;59230000;59234999 
59190-000 a 59191-999;59190000;59191999 
59780-000 a 59789-999;59780000;59789999 
59374-000 a 59374-999;59374000;59374999 
59665-000 a 59667-999;59665000;59667999 
59570-000 a 59574-999;59570000;59574999 
59395-000 a 59399-999;59395000;59399999 
59220-000 a 59224-999;59220000;59224999 
59930-000 a 59939-999;59930000;59939999 
59375-000 a 59377-999;59375000;59377999 
59380-000 a 59389-999;59380000;59389999 
59910-000 a 59919-999;59910000;59919999 
59905-000 a 59907-999;59905000;59907999 
59355-000 a 59359-999;59355000;59359999 
59180-000 a 59181-999;59180000;59181999 
59575-000 a 59577-999;59575000;59577999 
59795-000 a 59799-999;59795000;59799999 
59517-000 a 59517-999;59517000;59517999 
59335-000 a 59337-999;59335000;59337999 
59902-000 a 59904-999;59902000;59904999 
59890-000 a 59899-999;59890000;59899999 
59596-000 a 59597-999;59596000;59597999 
59173-000 a 59177-999;59173000;59177999 
59790-000 a 59794-999;59790000;59794999 
59675-000 a 59677-999;59675000;59677999 
59598-000 a 59599-999;59598000;59599999 
59490-000 a 59499-999;59490000;59499999 
59508-000 a 59509-999;59508000;59509999 
59315-000 a 59317-999;59315000;59317999 
59513-000 a 59514-999;59513000;59514999 
59855-000 a 59855-999;59855000;59855999 
59225-000 a 59226-999;59225000;59226999 
59594-000 a 59595-999;59594000;59595999 
59690-000 a 59694-999;59690000;59694999 
59213-000 a 59213-999;59213000;59213999 
59544-000 a 59546-999;59544000;59546999 
59324-000 a 59326-999;59324000;59326999 
59343-000 a 59346-999;59343000;59346999 
59550-000 a 59554-999;59550000;59554999 
59880-000 a 59889-999;59880000;59889999 
59980-000 a 59986-999;59980000;59986999 
59330-000 a 59334-999;59330000;59334999 
59188-000 a 59189-999;59188000;59189999 
59227-000 a 59229-999;59227000;59229999 
59244-000 a 59244-999;59244000;59244999 
59430-000 a 59439-999;59430000;59439999 
59390-000 a 59394-999;59390000;59394999 
59247-000 a 59249-999;59247000;59249999 
59535-000 a 59539-999;59535000;59539999 
59235-000 a 59239-999;59235000;59239999 
59805-000 a 59807-999;59805000;59807999 
59940-000 a 59944-999;59940000;59944999 
59280-000 a 59289-999;59280000;59289999 
59500-000 a 59503-999;59500000;59503999 
59945-000 a 59949-999;59945000;59949999 
59970-000 a 59979-999;59970000;59979999 
59800-000 a 59804-999;59800000;59804999 
59580-000 a 59581-999;59580000;59581999 
